delta_e,delta_t,delta_a,delta_r
0.5235987855490356,0.14800679961476476,0.0,0.0
0.3419947152267193,0.13311576199947367,0.0,0.0
0.23689198089359012,0.11386369309924164,0.0,0.0
0.28776078858664356,0.09999999016769072,0.0,0.0
0.32979184072311146,0.0999999901451122,0.0,0.0
0.3645436078349745,0.09999999012642118,0.0,0.0
0.3933064211813652,0.09999999011086262,0.0,0.0
0.41714658664545995,0.09999999009810452,0.0,0.0
0.43694522989114654,0.09999999008745966,0.0,0.0
0.4534304064442264,0.09999999007863963,0.0,0.0
0.46720364426734773,0.09999999007135721,1.0574219074225381e-16,1.9949597657623108e-16
-0.25270546960360346,0.09999999002368176,-5.998355281063032e-21,-7.96152857256181e-21
-0.055870466774647104,0.09999999006017882,1.0566472831806515e-16,1.993931353612089e-16
0.45548177693363384,0.09999999005595099,1.05714601570862e-16,1.994593486833501e-16
0.17673249382362785,0.0999999900523733,-3.9315126838211486e-21,-5.1961862050586e-21
0.37887348177988406,0.09999999001790565,1.0533783517335805e-16,1.9895958128018597e-16
0.12093982180638015,0.09999999004681048,2.0979042079337186e-16,3.96747456509589e-16
0.3255182618303253,0.09999999004470209,2.0974737806626934e-16,3.966910870436524e-16
0.0847940430185779,0.09999999004297264,1.0353437834191458e-16,1.9659713182174743e-16
0.288684643210892,0.09999999004151247,-4.1801140007742185e-19,-5.4969205916321705e-19
0.06204039876540961,0.09999999004032252,-9.192805973982935e-20,-1.218795261833325e-19
-0.19995568661623322,0.0999999900392595,1.0397578872754926e-16,1.972042275776423e-16
-0.5235987712620142,0.09999999003835194,1.0348094011960216e-16,1.9652160321185023e-16
-0.29669771030133174,0.09999999003779073,1.0507914775258776e-16,1.9863539940729954e-16
-0.05042441844070374,0.09999999003756098,2.102832862749703e-16,3.9740166186486605e-16
-0.09095488258342024,0.099999990037574,2.1111096450994397e-16,3.98497883116604e-16
-0.2574940051206023,0.09999999003765613,2.097104747840999e-16,3.966785133675396e-16
-0.3990701778247924,0.09999999003771533,2.1119288556282498e-16,3.986068316576278e-16
-0.4250486975088927,0.09999999003777711,2.893912818898479e-16,5.591087700806405e-16
-0.4319305661541345,0.09999999001374936,2.9766655656370907e-16,5.724056881139191e-16
-0.4305006745778749,0.09999999003807433,-4.969185276510818e-19,-6.550178948982897e-19
-0.424078727394353,0.09999999003829033,-4.309989479972201e-20,-5.692191147035843e-20
-0.39760977701744527,0.09999999001397683,-2.773134662619141e-19,-3.650568752610305e-19
-0.3619190688493536,0.09999999003881434,-8.855727218653357e-19,-1.142428007544924e-18
-0.3266774164465084,0.09999999003911719,-4.304899525051657e-19,-5.673742830700208e-19
-0.29392408716641283,0.09999999003945229,-6.177425541463711e-19,-8.148780492833649e-19
-0.25903729963310385,0.09999999003982238,-1.2300807323158305e-18,-1.595270130611839e-18
-0.22315851449607454,0.09999999004020017,-3.464167372262025e-19,-4.584881891527168e-19
-0.19267379454282643,0.09999999004060807,-6.977184573790752e-19,-9.219697764919983e-19
-0.16249046183848762,0.09999999004104963,-1.0548639606556927e-16,1.0300811960838017e-16
-0.13395728689840838,0.09999999004149147,5.857963548486929e-17,2.0389437244773762e-16
-0.11115141942301633,0.09999999004196201,1.2047456309527563e-16,3.369344376905602e-16
-0.09130358668835764,0.09999999004246105,7.079363139666453e-17,2.6059367152952856e-16
-0.07380930874946028,0.0999999900155832,1.0096096852771758e-16,2.943802804558104e-16
-0.059382952005699395,0.09999999001577153,6.988612540405532e-17,2.4702991439696663e-16
-0.04796855550796353,0.09999999004400575,-1.359612850297756e-16,-2.592231362245271e-16
-0.03910783937951001,0.09999999004455938,6.550207907103073e-17,1.4044530947001632e-16
-0.03219771945466052,0.09999999001636145,-1.1675850900824384e-16,-2.7138970677560304e-16
-0.026651823684522975,0.09999999004566046,-3.4037189053946166e-19,-4.500914193650933e-19
-0.021985001052482526,0.09999999004622818,-3.052199349858513e-19,-4.034997645473158e-19
-0.017844074780325014,0.09999999004680281,-3.035735664378504e-19,-4.0135942019990354e-19
-0.01400317652075217,0.09999999004738402,-1.4524268258671728e-19,-1.9252959161600473e-19
-0.010340964410601117,0.09999999004797173,-1.0570890529464006e-16,-1.9945143145581322e-16
-0.006847816475046887,0.09999999001761876,-1.057657409558755e-16,-1.9952712489486691e-16
-0.003924655392396211,0.09999999004916675,-1.0577277632504017e-16,-1.9953630855963407e-16
-0.0008707842955029924,0.09999999004977486,-1.0577818445241576e-16,-1.9954261661162898e-16
0.002163138882058044,0.09999999005039069,-1.0582214464730535e-16,-1.996011307136217e-16
0.005062929131023926,0.09999999005101473,-1.0580081323394809e-16,-1.9957296457494366e-16
0.0077561576211484205,0.09999999005164739,-1.0582106032167128e-16,-1.9959993620051805e-16
0.010209240208918375,0.09999999005228906,-1.0579426743345295e-16,-1.995649388449644e-16
0.012420583822597076,0.0999999900529401,-1.0577879745764802e-16,-1.995444618016102e-16
0.014408424720541093,0.09999999005360076,-1.0577007733107327e-16,-1.995328857441056e-16
0.016193419418038736,0.09999999001968851,-1.0578038466551908e-16,-1.9954659019351158e-16
0.017807228339298764,0.09999999005495182,-1.0579820229331676e-16,-1.9957011484220485e-16
0.019305050256855756,0.09999999005564274,-1.0578130771250394e-16,-1.9954771172744165e-16
0.020732533596067308,0.09999999005634419,-1.0579607274631021e-16,-1.995665349672536e-16
0.022124163682469684,0.0999999900570563,-3.1657694675686543e-16,-5.976272924219698e-16
0.023503423057398037,0.09999999005777935,-4.22152616276071e-16,-7.969039672912137e-16
0.02488425696425468,0.09999999005851345,-4.2267584933572257e-16,-7.975950287327619e-16
0.02627282396978927,0.09999999002149794,-4.2297469342291454e-16,-7.979915609320223e-16
0.0272512289038994,0.09999999006001556,-4.2268409569741704e-16,-7.97606112643178e-16
0.028347836738364912,0.09999999002205126,-4.2267628868502914e-16,-7.975955196802497e-16
0.029602411804358117,0.09999999006156508,-4.222063035037683e-16,-7.969744311474933e-16
0.03091413842803603,0.09999999006235871,-4.2218705991939853e-16,-7.96949131133058e-16
0.03221544321817515,0.0999999900229151,-4.2218975847204265e-16,-7.96952643073625e-16
0.033467563371282,0.09999999002321253,-4.2217242588155834e-16,-7.969296921333725e-16
0.034654172093940144,0.09999999006484249,-4.950846058767185e-16,-9.518182615562094e-16
0.03577462869872028,0.09999999006568978,-3.7548113149299764e-16,-7.007861186965898e-16
0.03683762432464585,0.09999999006652663,-4.3946732922903066e-16,-8.759786509578259e-16
0.037856207864124906,0.09999999006740186,-3.605012851785641e-16,-7.51332453805583e-16
0.03884406697221733,0.09999999006829154,-3.733632581453843e-16,-7.68486802046302e-16
0.03981312673895649,0.09999999006919588,-3.036850583083824e-16,-5.905920327717769e-16
0.04077235562025416,0.0999999900701152,-3.17503636065663e-16,-7.099464076945728e-16
0.041727481592814204,0.09999999007104972,2.3288127380125246e-16,8.916983870364018e-17
0.04268033550755943,0.09999999007199982,-2.8502243154936685e-16,-6.797120249888526e-16
0.04329770169880531,0.09999999007296531,1.7595177561505967e-16,2.3591828367979405e-16
0.04400134696132765,0.0999999900739472,1.827124715048667e-16,2.4429674751950393e-16
0.0445729959600123,0.09999999007494519,2.387594280671134e-16,2.7824690899210324e-16
0.04468761492123625,0.09999999007595854,2.3863661835238944e-16,2.780831733523886e-16
0.044821043902160476,0.09999999007698959,2.9326736733146e-16,3.1471220260167957e-16
0.04494382067923907,0.09999999007803875,3.1496890092649344e-16,3.3914774086690845e-16
0.04504064132881275,0.09999999002869822,3.1509203858121817e-16,3.393114306036296e-16
0.04510657536045702,0.09999999008019304,3.149994744544837e-16,3.391889038897805e-16
0.045143711992420746,0.09999999008129895,3.1514990976820187e-16,3.3938912754047974e-16
0.045157905145498924,0.09999999008242454,3.837163063720916e-16,3.944180990504984e-16
0.04515642787577917,0.09999999003031759,2.1767565419097138e-16,3.2715715539362694e-16
0.04514623188177899,0.09999999003074066,3.1677057846908235e-16,5.978838143869246e-16
0.045132998559675404,0.09999999008597515,3.165052652105255e-16,5.975447822173614e-16
0.045120757532961714,0.09999999008717757,3.164007925387255e-16,5.974116144923969e-16
0.04511176761397585,0.09999999008840423,3.163466182965826e-16,5.973417671568039e-16
0.045106881574062486,0.09999999008965474,4.205947084212012e-16,7.94870409903717e-16
0.04510590250808306,0.09999999009092887,6.299561517980674e-16,1.1910728447417817e-15
0.04510799331705823,0.09999999009222758,6.304254029435856e-16,1.1917006903662321e-15
0.04511203881409881,0.09999999009355084,6.809505180338998e-16,1.3147067837239735e-15
0.045116922040432626,0.09999999009489921,4.928234049789975e-16,1.066497846504717e-15
0.04512170482720395,0.09999999009627325,7.098189828479527e-16,1.4600804171200984e-15
0.04512571890353407,0.0999999900976736,6.767910518356088e-16,1.4101122226811047e-15
0.045128586134832435,0.09999999009906589,5.088327056129428e-16,1.021595080376444e-15
0.045130184284490164,0.09999999010052085,4.1981703872648063e-16,8.318406895159473e-16
0.04513059811433397,0.09999999003700505,4.4223997804339527e-16,8.765878118649387e-16
0.04513002857195151,0.09999999003755375,3.4987014528790137e-16,6.615755492352294e-16
0.04512875777099367,0.0999999900381133,3.895395939190011e-16,8.488322742839362e-16
0.045127072899614006,0.099999990038684,2.913058978848468e-16,6.655382982094706e-16
0.04512522377475849,0.09999999010832923,1.9041971856677295e-16,5.653039983664928e-16
0.04512344337715679,0.0999999901099605,2.566902903634106e-16,6.79424421304521e-16
0.04512186865434276,0.0999999901116261,-6.367325874716772e-16,-1.1400335507600143e-15
0.04512059278344925,0.09999999011332683,-4.92081139268511e-16,-8.951623816915695e-16
0.04511965916332261,0.09999999011506357,-6.311920955930865e-16,-1.0873641739708292e-15
0.04511907459959191,0.09999999011681111,-6.193969679914421e-16,-1.0622241656814375e-15
0.04511881538702668,0.09999999011862465,-4.759434441956132e-16,-7.217755302901706e-16
0.045118848556603176,0.09999999012047694,-5.242651837180227e-16,-7.385653430060435e-16
0.045119134223769834,0.09999999012236914,-5.262374426086023e-16,-7.379530663249651e-16
0.04511963392599539,0.0999999901243024,-5.279951931726459e-16,-7.402451652910984e-16
0.04512031462547043,0.09999999012627793,-5.291523375021369e-16,-7.417945234054711e-16
0.04512115054088623,0.09999999012829701,-5.2494283080524455e-16,-7.362670429353173e-16
0.045122123345584915,0.099999990130361,-1.8432360513143842e-16,-2.290100811784349e-16
0.04512322129752733,0.09999999013247127,-4.505707881586822e-16,-5.595955439737247e-16
0.04512443780814831,0.09999999013462929,-3.178570433959977e-16,-5.993883188682773e-16
0.04512576985061437,0.09999999013683657,-6.2640445570592635e-16,-1.1865396877197425e-15
0.045127216484806304,0.09999999013909472,-6.282453891724815e-16,-1.1889406143983228e-15
0.04512877765954622,0.09999999014140537,-6.280443790957059e-16,-1.1886761530464042e-15
0.04513045335558851,0.09999999014377028,-6.271395942190523e-16,-1.1875017485532429e-15
0.04513224306244169,0.09999999014619125,-5.249373575806901e-16,-1.1019396688036187e-15
0.0451341455382009,0.09999999014867017,-3.2643029866015664e-16,-9.497800083701467e-16
0.04513615878010829,0.09999999015120903,-4.443273980060477e-16,-9.633000561093474e-16
0.04513828013125161,0.09999999015380988,-3.9564043653543376e-16,-8.948449552893041e-16
0.04514050645656861,0.09999999015647491,-3.790749365904641e-16,-8.729691434780118e-16
0.045142834336355776,0.0999999901592064,-3.9779037315581743e-16,-9.655191112905917e-16
0.045145260242089785,0.09999999016200668,4.0999945126423426e-17,-3.4186926241520505e-16
0.04514778067498365,0.09999999016487829,1.028129465438391e-16,-2.0662920886642444e-16
0.04515039226015513,0.09999999016782384,-2.5177984494740906e-16,-7.065089871308193e-16
0.045153091798561,0.09999999017084603,2.484515829711838e-16,5.18052580093889e-17
0.04515587628391576,0.09999999017394778,-1.1526474117980983e-16,-4.599840500060686e-16
0.045158742894483,0.09999999017713208,2.7871853676016373e-16,9.794298214584309e-17
0.04516168896957374,0.09999999018040213,-4.530842706266969e-17,-3.14512228037792e-16
0.045164711979278245,0.09999999018376125,4.5119694061311e-16,4.3931243505542013e-16
0.04516780949386864,0.09999999018721292,2.7954009689714765e-16,4.3248860635163246e-16
0.04517097915712271,0.09999999019076086,2.8045880877574146e-16,4.337171903424956e-16
0.04517421847940775,0.09999999019436001,2.9397578915566123e-16,4.47373469853618e-16
0.0451775256027996,0.09999999019810168,2.9663518622017174e-16,4.508791081003898e-16
0.045180898058911144,0.09999999020195065,3.2544965140038544e-16,4.568520247383853e-16
0.04518433364186626,0.09999999020591034,2.9658321483405216e-16,4.508377901816454e-16
0.045187830176318784,0.09999999020998489,2.813113791478865e-16,4.3490179626926802e-16
0.045191385517140976,0.0999999902141785,2.463909782783399e-16,4.3469531497317764e-16
0.04519499755203562,0.09999999021849545,2.6808347560764706e-16,4.227831565039993e-16
0.04519866420453535,0.09999999022293994,2.1123741590413415e-16,3.9864851938595466e-16
0.04520238343655866,0.09999999022751596,3.3736039692580545e-16,3.778886967892503e-16
0.04520615325006751,0.09999999023222714,-8.305121829103009e-18,-7.013340461534045e-17
0.0452099716876272,0.09999999023707642,2.0967336626766107e-16,3.9661080050072966e-16
0.04521383683157858,0.09999999024206566,2.1044131122904523e-16,3.976214322478286e-16
0.045217746801448695,0.0999999902471949,2.1029911060070722e-16,3.974525550071556e-16
0.045221699748638565,0.09999999025246137,2.1010964179216624e-16,3.972136238857392e-16
0.04522569384607329,0.09999999025785775,2.0999395640016738e-16,3.9706494472346154e-16
0.045229727267376535,0.09999999026336953,2.0977929476467903e-16,3.967872990263057e-16
0.04523380507378195,0.09999999009818705,2.1050811791118444e-16,3.9770408081942684e-16
0.04523791028757683,0.09999999010045207,2.1052329067362055e-16,3.9772558069078273e-16
0.04524204881097616,0.09999999028325157,2.1045687524303443e-16,3.976485367027906e-16
0.045246224318922876,0.09999999028991564,2.103744395436945e-16,3.975385522303866e-16
0.04525043124979459,0.09999999029681342,2.1029641254853486e-16,3.97440063635234e-16
0.04525466790858009,0.09999999030394092,2.0996101559785998e-16,3.9700109928775153e-16
0.04525893252777381,0.09999999031126738,2.0988287124737496e-16,3.968979777360877e-16
0.045263222757845285,0.09999999031867692,2.0973605436886843e-16,3.967056880472318e-16
0.04526754982292331,0.0999999901189212,2.1073612067779134e-16,3.9800236666355976e-16
0.045271883596835226,0.09999999033629788,2.1075330457618013e-16,3.980254669835177e-16
0.045276245152679445,0.0999999903451513,2.1072418837660744e-16,3.9798727082209787e-16
0.04528062398599734,0.09999999035439228,2.1109808590419954e-16,3.984809231428884e-16
0.045169852224387325,0.09999999013209605,2.1143697558861016e-16,3.9892894069073248e-16
0.044272896182528165,0.09999999037493507,2.1066060798832e-16,3.9790290009529064e-16
0.04402986190963538,0.09999999038684253,2.096327205820203e-16,3.9658554985047394e-16
0.04411756637903179,0.09999999040100079,2.0940337074498865e-16,3.962931964351525e-16
0.04431055561718413,0.09999999041461523,2.1022559437223104e-16,3.9737046555462513e-16
0.044470950002423015,0.0999999904245093,2.1088130402122766e-16,3.9819733440480517e-16
0.04453008115418981,0.09999999043881704,2.1083644178723036e-16,3.981383962813518e-16
0.04446788235425498,0.09999999045403153,2.1120843138286887e-16,3.9862649637347105e-16
0.044407996970629325,0.09999999017054427,2.1141979090463177e-16,3.9890617824666587e-16
0.04469537275025567,0.09999999048663614,2.1040339391364797e-16,3.9756714771135954e-16
0.04453009151776253,0.09999999018287208,2.1082912067912791e-16,3.981247991475787e-16
0.04412856185369412,0.09999999052266614,1.7603024983817313e-16,3.5218882639562966e-16
0.04364653672290999,0.09999999054240993,1.8364556154238646e-16,3.680294752761166e-16
0.043182712509849445,0.09999999020439335,1.1079340052807096e-16,3.176729823971247e-16
0.042947547585387436,0.09999999058540407,-2.7238811399618556e-17,9.182762355261979e-17
0.04279937354174555,0.09999999060852688,1.0357343276886302e-16,3.163782453977288e-16
0.04257445900611323,0.09999999063317827,-3.7696235413658487e-16,-3.451215615070817e-16
0.04234116402656605,0.09999999065952148,-2.7684366077751157e-16,-1.2072600412852295e-16
0.0421369657028982,0.09999999068774795,-2.254132825080703e-16,-2.278751856804334e-17
0.04197677111491218,0.09999999071808258,8.599805827968995e-17,2.533441895538874e-16
0.04186386380050389,0.09999999027237272,2.4032269588684162e-17,2.3794609057845027e-16
0.04201071162689114,0.09999999078460202,8.270823229876843e-17,2.284099361206207e-16
0.041977282578513804,0.09999999082113552,6.71921498215163e-17,2.0643253480761743e-16
0.0418475160184627,0.09999999086072998,-1.3520379242084906e-16,-6.942567317029483e-17
0.041684046084650116,0.09999999090381091,-1.2979444473174797e-16,-6.450600201501311e-17
0.04152693510405447,0.09999999034494426,-4.653588923597913e-16,-6.213321472798469e-16
0.04147976082197229,0.0999999910006357,-9.433360358381017e-17,-5.3918492731501016e-17
0.04143568054127513,0.09999999038221953,-2.326132467981791e-16,-1.7972458703851282e-16
0.04128550886007392,0.09999999111169898,6.703684487726969e-17,1.4813494180361144e-16
0.04109841161710627,0.0999999911757828,-8.251200108871213e-17,-5.556542924837557e-17
0.0409188503145211,0.099999991246822,-1.4073025869942512e-16,-1.748932142929472e-16
0.04080094364846123,0.09999999132067545,-1.3551528323230504e-16,-1.6800191366301755e-16
0.04062401149103963,0.09999999140148551,-2.987232106308782e-17,1.5626330644089142e-17
0.04040728840006332,0.09999999149167597,-7.630492405841664e-17,-9.773783950895845e-17
0.04019087309712141,0.09999999159301914,-6.9153550008071725e-18,4.37147345906626e-17
0.03996395939328267,0.09999999061774917,4.068483841718822e-17,1.0685194687113948e-16
0.03970610383525906,0.09999999066037328,-1.1712245543657002e-17,3.158075386343578e-17
0.03944295550737475,0.09999999070875268,7.848088860321986e-17,1.6304242437153472e-16
0.03919020733712592,0.09999999076415798,5.936348007934074e-17,1.3617885839192258e-16
0.03892063090827516,0.09999999227877769,-1.233272583041707e-16,-2.801920738902451e-16
0.03855357705294112,0.09999999246168881,1.055683442349027e-16,1.9926546570784524e-16
0.03823211549311483,0.09999999267448086,-2.3590259912877592e-18,-1.758007248053993e-17
0.03794046395383667,0.09999999292520685,1.0562205297636367e-16,1.9933685843420924e-16
0.03763597208672378,0.09999999116798691,-9.193075457606867e-19,-1.5666781594260382e-17
0.037177046306696326,0.099999993535709,1.0562485328104181e-16,1.9934059553345722e-16
0.03681105130739411,0.09999999391823643,9.293076108536502e-17,1.8238601672320336e-16
0.03649269735418939,0.09999999439023749,-5.750802746164431e-17,-1.0960047456903418e-16
0.0361209527975335,0.09999999495770835,1.0560322883515587e-16,1.993118803199597e-16
0.035644032577161,0.09999999560739731,-1.116280007465479e-16,-1.3617594540849105e-16
0.03527987976614505,0.09999999644920897,8.925349255909558e-17,1.7762596499756304e-16
0.03496451581604882,0.09999999758270024,7.83989157631965e-17,1.6322068566433477e-16
0.034486841337309705,0.09999999892231061,7.754433410677401e-17,1.6208725561019115e-16
0.034118225109908966,0.10000000077183144,6.052435257644979e-17,1.394126434914718e-16
0.033829912096554525,0.10000000358126501,-1.8700807481064617e-16,-2.1589217626782677e-16
0.03343155093926706,0.10000000726926628,3.1141082483724544e-17,1.0186115524659684e-16
0.033160863875365244,0.10000001346622119,-9.357386808928837e-17,-5.2911043102725295e-17
0.032932074247603714,0.10000002443015818,-9.347047541449684e-17,-5.277369916644716e-17
0.032741116093110444,0.1000000464915901,6.259617847551383e-17,1.423538172965247e-16
0.03265208851562232,0.10000011152889089,2.900120177990968e-18,6.331002516144416e-17
0.03264264369225004,0.10000148354094543,5.913341462037352e-17,1.3756357829221342e-16
0.03274206092193464,0.1035909370875972,-6.670090814511656e-18,4.9405871086073695e-17
0.03293275772520284,0.10651883382303835,-4.370887335222524e-16,-6.26576856314922e-16
0.03317346406698049,0.10764495746915918,-2.5940601568513707e-16,-1.7924566871893976e-16
0.03342773502305986,0.10772779303251707,-1.7398713697495974e-16,-1.3721204787621989e-16
0.03366658790143727,0.10780037201301054,-2.1523428290615038e-17,3.414173238538276e-17
0.033870050787883556,0.10786096882705132,-2.21819549468748e-16,-2.323009099379906e-16
0.03403181282355146,0.10790901163990942,8.209761032512237e-17,1.6808325934466864e-16
0.03415424753618381,0.10794476051850939,-7.631093673761907e-18,4.2763559395820755e-17
0.034244131667450106,0.10796919900214985,-1.2312844162890195e-16,-1.5150075052712315e-16
0.03430957083189842,0.1079877206339836,0.09906233449965754,0.2700843620545638
0.03437569468122721,0.10798941887108984,0.09683171920674943,0.2442328769490001
0.03462962848309758,0.10797143079942931,0.09491986808833582,0.22032774113265732
0.03529875264829873,0.1078928885412375,0.08831245579649612,0.1988397835693995
0.03637049347780613,0.10770333155291302,0.08206286695170119,0.1797802982118576
0.0375144167117092,0.10732893932127499,0.07646028229400077,0.16308539328316715
0.03814970352349273,0.10663761470062993,0.07116591577689602,0.14855643418884687
0.037586419588008194,0.10554280262160692,0.06606375575226994,0.1360622899895443
0.03517285698097693,0.10397113128287395,0.06087374940503203,0.12521817480404754
0.03048421885673679,0.10191402257168729,0.05536509142627456,0.11559321222515263
0.02349753342129591,0.10000024857428207,0.04936667939016093,0.1067447044567754
0.014589933014207735,0.10000001058752292,0.013182664895047297,0.028234343313112517
0.004349801871032572,0.10000001277278066,0.009513375463276819,0.02811036976875009
-0.005800780286286386,0.1000000027398596,0.004515556835921063,0.02648952101649586
-0.013997789654947596,0.09999999887867822,-0.0016481532366372307,0.023092127428510367
-0.019196471263507316,0.09999999699664101,-0.008749187401078514,0.017795195838322696
-0.020632145340268162,0.09999999607886836,-0.016511350836638343,0.010624958580466248
-0.01812655583065659,0.09999999574878521,-0.024632254200604796,0.001735779694278053
-0.012165271218569598,0.09999999210925756,-0.032804862900762254,-0.008618097198139444
-0.0032602913260590958,0.09999999232061216,-0.04073703817493176,-0.02011299512127748
0.007436733601538111,0.09999999761134137,-0.04816738231712059,-0.032385132600229245
0.019070264475635253,0.09999999368113531,-0.05487688922589152,-0.04505617419359755
0.030588506768179452,0.09999999546596554,-0.06069579090496233,-0.05775377733091366
0.041740440280679754,0.10000000021520539,-0.06550601484039312,-0.07012682089083296
0.0520566174410525,0.10000002495698981,-0.06924007618794768,-0.08185636850586213
0.061224769545240844,0.10710696493689358,-0.07187739635612561,-0.09266358238745996
0.06889054602278644,0.11747226593466704,-0.07343874546670429,-0.10231511626342155
0.07465339328853166,0.1228334376341454,-0.07397974793181707,-0.11062708643794977
0.07821424946698538,0.12566104161233485,-0.07358405509573812,-0.11746798953100185
0.07948885357530398,0.12738645827372036,-0.07235613189658029,-0.12275948288281435
0.07862372671398533,0.12683445544134628,-0.07041442633285619,-0.12647603035122654
0.07590919307987656,0.12547693448191366,-0.06788527821140859,-0.1286436244015737
0.07174711072387148,0.12352128942958261,-0.06489743939472689,-0.1293368431114072
0.06660778694665638,0.12114409642627093,-0.061577572463621624,-0.12867487214642978
0.06098552354264869,0.11853178364477636,0.0012984572548835813,0.013605333329764904
0.055094681201573764,0.11587701874238017,0.0018928325959660039,0.009349487600720432
0.04949176729099876,0.11336000287410898,0.003138340552859282,0.006370195018661244
0.04479634639558797,0.1111278699710321,0.004870459521002864,0.004676676833903225
0.041322753072833306,0.10928080303092,0.006912836611424356,0.004200021661322136
0.0391000326225597,0.10786867759914728,0.009088507934268504,0.004805954461437737
0.0379644730648893,0.10689983889918334,0.011229861637562222,0.006309885438108934
0.03764927802043013,0.10634115653388047,0.01318699271754199,0.008493025525805453
0.0378529734878703,0.10620713008914798,0.014834153804396436,0.011118547485280322
0.03829094762583273,0.10631986963381677,0.01607422978261423,0.013946908761227693
0.03872463026948845,0.1065332795967981,-0.007333684375034671,-0.04045262722828817
0.038872872492754174,0.1068098169879278,-0.0047595750702464955,-0.032429341902748245
0.0386753437137202,0.10710165963194787,-0.0030651676361847027,-0.02524856118796724
0.03825357031099657,0.107378228883466,-0.0021894446392900463,-0.019146684882877338
0.03773374945757594,0.10761962668269011,-0.002033916320414594,-0.014271911185274214
0.03720219392069692,0.10781493148211309,-0.0024714989658905966,-0.010684339784048126
0.036706266472961685,0.10795985412858783,-0.0033566655573015556,-0.008362718268449894
0.0362657216302638,0.10805413530366886,-0.004535581680679166,-0.0072152361869256
0.0358824263586456,0.10809930072101136,-0.005855529503616199,-0.007092933014937084
0.035546227020214274,0.10809768870520788,-0.007173164944073295,-0.007804615510455454
0.03523841000777956,0.10805198314555098,-0.008361299922647959,-0.009132304791736826
0.03493484794222518,0.10796596739158967,-0.009314022336297016,-0.010846333338953072
0.03461024670493946,0.10784049259986313,-0.009950077027403009,-0.012719332150098286
0.034243314676486315,0.10769118234101609,-0.010214531982750895,-0.014538492639062737
0.03382273399682734,0.10752211438631153,-0.01007884185494794,-0.016115648300860857
0.03335150079018381,0.1073445028024201,-0.009539492207597318,-0.017294886735298956
0.0328490560127684,0.10717201654217261,-0.008615460507706948,-0.017957563347717025
0.03235011006484146,0.10702049253533436,-0.007344763346629042,-0.01802473632105864
0.03190021163066232,0.1069066756536322,-0.005780374650276336,-0.01745717309887963
0.03154885042227022,0.1068451381301663,-0.0039857986790415,-0.01625318820094227
0.031341427573149915,0.10684459076410603,-0.0020305667730083836,-0.014444658236638683
0.0313115971896949,0.10690936720758044,1.4099581365861517e-05,-0.012091620399375162
0.03147559961211273,0.1070303732351568,0.0020792525337175304,-0.009275893763707415
0.03182913572971902,0.10720375759036896,0.0953957535671093,0.5235987642530652
0.03234016549095118,0.10741852431713259,0.09086235809827367,0.5235986451717018
0.03317290737220187,0.1076416648155991,0.08672252502098537,0.4908118637131717
0.034793928294241494,0.10778049159707487,0.0832458523580251,0.4554347614826907
0.0374748054547209,0.10771190282311825,0.08057994612759768,0.42617031436786945
0.04088797257629854,0.10737323515032872,0.07877478954401351,0.40298830510814637
0.04404534768609894,0.10642425639369672,0.07783054824282247,0.3854941975855999
0.04548628001462918,0.10455552914308311,0.07770354243269223,0.3729945957633052
0.04359263527676059,0.10148885994541808,0.0783138323652219,0.3645704355646505
0.03650263507200415,0.10000002008660039,0.07955390999612588,0.35915311514394926
0.022681057402262214,0.09999999803319419,0.08129754101663493,0.3555990948533245
0.0032659363664814013,0.09999999128764306,0.08525086143900924,0.22654188791878316
-0.01992856817836032,0.09999999073231516,0.08850376745518869,0.242071920853915
-0.04577641183031629,0.09999999132991698,0.09167107401211351,0.2536916510559679
-0.07261934720266444,0.09999999096673896,0.08897159697904826,0.2605635781200871
-0.0979362609941323,0.09999999027378306,0.056058219278032236,0.2622104463250686
-0.11956396959068093,0.09999999062439703,0.02416840714568042,0.2587421937709212
-0.1347189348495771,0.09999999019645854,-0.0018283371721515929,0.2503208398355529
-0.14026129506838714,0.09999999017651973,-0.008315993869146346,0.2373926041308915
-0.1357862797942384,0.09999999045137258,0.0015626222578333528,0.22048519851394957
-0.12145382193260869,0.09999999015594954,-0.0005943528203753977,0.2004905456951304
-0.09904119113423175,0.09999999015174886,0.0006023336247842184,0.17822519435603343
-0.0720452917395455,0.09999999015054291,-0.0004796994707688257,0.15452385889053555
-0.044015141476905946,0.0999999904193582,-0.0008276501963274962,0.13017398463780946
-0.016926886794553987,0.09999999015627356,-0.0019150396707274598,0.10593050655363431
0.006903337304521897,0.09999999044968438,-0.010313076870126526,0.08264076173655334
0.026230134116773936,0.09999999017314003,-0.01873674716172175,0.060833832507853805
0.04128131494084419,0.0999999905147503,-0.026160034259220283,0.04077603091349935
0.05325463502358308,0.09999999056293929,-0.03196938592497151,0.022601538463608135
0.06203031048041661,0.09999999062421916,-0.036364735757377156,0.006381722057507542
0.06816401423756879,0.09999999025436859,-0.039580714455887116,-0.007904273992025942
0.07214981809688586,0.09999999028916318,-0.04186955890383545,-0.02035282937946204
0.07429784551183895,0.0999999909157217,0.048875499218040526,0.38363162009345886
0.07561029346822534,0.09999999038405279,0.012483467105370172,0.3360361455365448
0.07738754863172008,0.09999999043952491,-0.01677837907575979,0.29499759335971165
0.07887660257687995,0.09999999135548847,-0.027601572440926626,0.26069737662385295
0.07868689381045049,0.09999999052733481,-0.021046234225862288,0.23283785285733832
0.07504583767130774,0.09999999147035815,-0.02305940701523502,0.21105740991085628
0.06659872008877268,0.09999999139738237,-0.02206898976352929,0.19470301418827932
0.052905731069697294,0.0999999904575751,-0.021631336666935643,0.18293226943945656
0.03454003125693384,0.09999999110175878,-0.020046454748017042,0.1747715336971916
0.013160028090995191,0.09999999094366646,-0.018349549746525275,0.16919169097739223
-0.009824333924354462,0.09999999029305455,-0.014507512167500033,0.04557342489680252
-0.032800756955817134,0.09999999025371821,-0.011397647560359643,0.0521984326037689
-0.053831881318435894,0.09999999022341287,-0.008060553656958815,0.056482287397123326
-0.07062518355294481,0.09999999055241707,-0.005033924467404839,0.05760692300547487
-0.0820261127272853,0.09999999018381582,-0.0022234116508674097,0.05503175985358677
-0.086684181035846,0.0999999904752379,0.00018363931255339886,0.048565953587919306
-0.08413613074558471,0.09999999045575766,-0.009202052480576739,0.03885900276103277
-0.07469327137286533,0.09999999016211834,-0.0226943286241974,0.026166226722581547
-0.05891305303228567,0.099999990162373,-0.03623014746977448,0.010889470478026303
-0.03877826951322083,0.0999999904586675,-0.049280558819922535,-0.006372796532540948
-0.01568710240689849,0.09999999048128601,-0.061390342015184535,-0.024985511894916063
0.0088144564931403,0.09999999051785023,-0.07219610870162821,-0.044318742708702424
0.033225914541554775,0.09999999057262347,-0.08143403820970635,-0.0637757450758237
0.0564167359804186,0.09999999023669782,-0.08923076845985206,-0.08307363233769814
0.07728320795030716,0.09999999076925986,-0.09564307723399045,-0.101859398670927
0.09485265583631046,0.09999999034228295,-0.1004949918638139,-0.11962040069175803
0.10850397585857877,0.09999999120857514,-0.1013398458779199,-0.13603128960014674
0.11718218525093299,0.09999999058292944,-0.10202633317655789,-0.15068955231920728
0.11987287868967518,0.09999999080759903,-0.1025545404159959,-0.1633683653022898
0.11711111300672399,0.09999999320848667,-0.10288944006929208,-0.1739209461087914
0.11087560629209565,0.09999999177957324,-0.10301242019780275,-0.182277828630939
0.10289368940899202,0.09999999297151321,0.09382564640601793,0.44399702817818926
0.09249722318329003,0.10000000608107723,0.08879128185162771,0.39140660245381337
0.08312561725538588,0.1000000358075267,0.08454511441052945,0.34561570537734587
0.07796012005581869,0.10157735478707794,0.08122665685453305,0.3072217931765255
0.07700080372250019,0.11257657378143751,0.0789111569767607,0.27630003948748033
0.07809935586711883,0.11627594055081082,0.07761328258610971,0.25251315273861324
0.07823849516704115,0.11380191356853561,0.0772929538878477,0.23522736748686182
0.07441042112482389,0.10806050923386677,0.07786462512035404,0.22349106775831737
0.0636006628989631,0.10118407063488716,0.07663640060756602,0.21622419836653964
0.04337776283115957,0.09999999788046537,0.05183807736628902,0.21233805533170114
0.01726904809001375,0.09999999336802334,0.02295887253518805,0.21079949990837088
-0.012515477783573,0.0999999919249715,-0.004774396878796697,0.2104514978968421
-0.04344940696220757,0.0999999912907298,-0.011566149075543099,-0.005480192318936846
-0.07335713963639272,0.09999999096033603,-0.009308615759857032,0.007776621902946201
-0.09933617130746013,0.09999999077048195,-0.0026736218994908387,0.015947745552529438
-0.11827546323504293,0.09999999023772929,0.0013920213386901836,0.018468022557703717
-0.12778936328458754,0.09999999058564078,-0.011355677938299818,0.015911447844269063
-0.12634337771494947,0.09999999054571497,-0.026290563092392055,0.008215358200088146
-0.11359139633529824,0.0999999901911443,-0.04208596542764708,-0.0040721136157595835
-0.09146919754850685,0.0999999905269806,-0.057922250814442564,-0.020183534808493393
-0.062132372803372235,0.09999999054572886,-0.07306255617180873,-0.03924745772138315
-0.028285756398212656,0.09999999058580693,-0.08709300707869794,-0.060546299686247126
0.007171485859171951,0.09999999065402543,-0.09294386176704843,-0.08402111614179192
0.0416468369977345,0.09999999076325827,-0.09393552131917578,-0.10856953305473252
0.07276604376620423,0.09999999093996031,-0.09516572255241752,-0.13329799222974828
0.09895336551038102,0.09999999044554117,-0.09651064278189866,-0.15751119767282168
0.11770495404558373,0.09999999169437059,-0.09785480357210095,-0.1805133818201897
0.1276980203858633,0.09999999248742127,-0.0990957939726897,-0.20177684871902024
0.13038191822711512,0.09999999143734227,-0.10014837068262311,-0.22087797606659829
0.12842984115792727,0.09999999263086527,-0.10094742112056344,-0.2375007249149728
0.12390233741705368,0.10000000758871058,-0.10144953502754603,-0.25144438125104235
0.11812314822420455,0.1000000443961579,-0.10126665960884595,-0.2877170798467161
0.11159664101329445,0.119418105759562,-0.1011435653250804,-0.2791329843222432
0.10427681854129724,0.12950180002227119,-0.10088094217584553,-0.2683954941905004
0.09608620738359744,0.1325093824789967,-0.10051013932422657,-0.2558648846423485
0.08717664435046968,0.12887412924122432,-0.10006578375004309,-0.24186767022922362
0.07782038610865548,0.12342045873953167,-0.09958406267276233,-0.22664938101679774
0.0684013282515256,0.11819449034454393,-0.09518818033950038,-0.21058501286843923
0.05936383816875043,0.11340380409317076,-0.08473066179307354,-0.19396825912773955
0.05111517122368871,0.10920907347714971,-0.07430596270323218,-0.17691774134851884
0.04396117022407016,0.10572066194802975,-0.06433019069765807,-0.15998575999790665
0.03809477779973471,0.1029968712131153,-0.0548239452735723,-0.14336126642446106
0.0336233361788253,0.10104890473664684,-0.0660274936131021,-0.1750767858382927
0.03056778812427644,0.10001476848172114,-0.057106050213236136,-0.15865926363338406
0.0288572216748162,0.10000170548437491,-0.04867622832323312,-0.14262252870542616
0.02823379857903048,0.10000103720599257,-0.040716706978653885,-0.1271385993190116
0.028308211383107847,0.10000088540700633,-0.033187680445785565,-0.11231543256978281
0.02863828850758205,0.10000114042280808,-0.026035663473662856,-0.09819854957535178
0.028829604195021372,0.10016491791045644,-0.01919984740189604,-0.08477909650335326
0.028623834990660017,0.10129056175977384,-0.01261773570998632,-0.07200535064388167
0.027933911130856807,0.10280201259296838,-0.006232454724771036,-0.05979586103076631
0.026846401510688664,0.10375176803156709,3.721029765995914e-06,-0.04805314119878133
0.02559071958270217,0.1043701781058409,0.006124794622847095,-0.036676689551483795
0.02447399436614443,0.10502823380168867,0.012149199333305556,-0.025573262854941613
0.023822075382766348,0.1057791819551088,0.018079175144366987,-0.014664972068321258
0.023922269461070882,0.10667091780038661,0.02390163586009042,-0.0038944149173364253
0.024976908992720565,0.10773647865224395,0.02959044397507918,0.006773430770695862
0.02707684273024611,0.10898695616178145,0.03510970844660651,0.017352052739802146
0.030196320550428913,0.11041633721579583,0.04041768094043386,0.02783638085334232
0.03420665370649531,0.11197272801023489,0.04547099194903502,0.038207132666057866
0.03890229584095234,0.11359998770592775,0.05022839430343493,0.04843580291992436
0.04403215197341195,0.11526166781608381,0.05465432793071236,0.05848961873858089
0.04932985087853501,0.11691394704510376,0.05872159676158508,0.06833602547034828
0.0545391866931881,0.11849702551727087,0.062413263596518054,0.07794645332765812
0.05943028074613036,0.11992720564079841,-0.10498572806810424,-0.3326472750520498
0.06314799394661953,0.12113263463675884,-0.09157394640787486,-0.28764956938982805
0.06676239058912252,0.12222753965174031,-0.0723996895552908,-0.2465485961166418
0.0713140350890014,0.12302676655355098,-0.05485853981667224,-0.20993806272837398
0.07645490721336802,0.12330085928254711,-0.03916544609511815,-0.17835877282033308
0.08082265782518734,0.12282872127355479,-0.024779331621107504,-0.15188010958595105
0.08262809450165504,0.12139875789455598,-0.011699889667847156,-0.13025108581528616
0.08030790611982781,0.11886991394606021,0.0007359042356570967,-0.11305216915570242
0.07301619735585091,0.11522159922109741,0.011591422967673489,-0.09964921989434722
0.06084529217683195,0.1105801571228646,0.017545348699939515,-0.0892897882433803
0.04478164228358357,0.10521556109014084,0.015317496685327945,-0.08113256981973495
0.02634245333876191,0.10000004809864133,0.03131656734246339,0.06958156209293907
0.007012467535872435,0.09999999612391805,0.03247162291357193,0.0647037628990135
-0.010572409960323619,0.09999999318788125,0.035693764791711054,0.06142608099020552
-0.023857772470809963,0.09999999598325106,0.0407855013517669,0.06032187132176614
-0.03133605555421916,0.09999999475008942,0.047433037554636896,0.061719258061143395
-0.03242619530626922,0.09999999419128804,0.05523958636982053,0.06571803967921636
-0.027304323600841854,0.0999999914669982,0.06376160958880435,0.07222336688763176
-0.016827960579183083,0.0999999942705061,0.07254426439795289,0.08098690433556621
-0.002814847334737167,0.09999999175630567,0.08115244460419238,0.09164844539567746
0.013519113852599116,0.0999999922019047,0.08968610811683082,0.10421782001283662
0.03034573609277777,0.09999999310210386,0.0951744913011519,0.11832838067135765
0.046428170919270956,0.0999999951697752,0.09534789311592719,0.13351862231831393
0.06118759100717197,0.1000000019864713,0.0957330107144146,0.14915369705144352
0.07434130712792715,0.10000033334124106,0.09625786299204729,0.16474052172585107
0.08551648346211195,0.1172569347640029,0.09685188574000718,0.1798076129968134
0.09415347787668218,0.12683640840018925,0.09744982792175393,0.19392342818834754
0.09971863177468326,0.13177493879323168,0.09799466830565459,0.20672069604513268
0.10193654748969491,0.13430169287504415,0.09844012415933832,0.21787387493858645
0.10083430303024025,0.13501601799872137,0.09875196263040044,0.22715514359489974
0.09670373193870185,0.13301785078555162,0.09890804915475042,0.2344250193244233
0.09001844358609314,0.12996579650835788,0.0988989430523129,0.23960699788288511
0.08139823370095663,0.12610868556949786,-0.09669129415833788,-0.507981638937657
0.06883037540958092,0.12185592690715392,-0.09064087166845129,-0.45342003848912266
0.05546848429850745,0.11767227933096973,-0.0853819431612647,-0.40603524606024216
0.045816274507491185,0.11391951944525551,-0.08109961128474245,-0.36672971405558613
0.04175217619841293,0.11075842818865722,-0.07790681402900043,-0.33582243436489506
0.04285311386782814,0.10811052969194586,-0.07584686881461708,-0.313103689323943
0.047055068124266554,0.10568086436398473,-0.07489995243265517,-0.29791089409745897
0.05142718208727287,0.10303131464594377,-0.07499150827902848,-0.28921895502200695
0.05292946670901387,0.10000004911510071,-0.07600307184560313,-0.28573825056678415
0.04827160019841169,0.09999999718681166,-0.07778353676851885,-0.2860154956206953
0.035436376292055205,0.09999999230660356,-0.08016120308840315,-0.2885295621366335
0.015438714360826295,0.09999999301900683,-0.08196719222267856,-0.059692922919433455
-0.010436954976003962,0.09999999176785884,-0.08402674592934394,-0.0849182948574935
-0.0408553300797314,0.09999999118743466,-0.08074102992133278,-0.10447166561051792
-0.07360868336653519,0.09999999032057555,-0.06562481104283477,-0.11764057332809662
-0.10465248256560385,0.0999999907058636,-0.049075545845950135,-0.12346926436169485
-0.1305594775535134,0.09999999060089884,-0.033531315496555365,-0.12169277623130152
-0.14642884647682708,0.09999999019528003,-0.02097824986732287,-0.11257472234738339
-0.14848963527492579,0.09999999050242658,-0.007956471056551333,-0.09721456762025099
-0.13645986264044102,0.09999999048764394,0.011802183272081197,-0.07715691253075034
-0.11126662708413616,0.09999999049064714,0.030967713195491787,-0.05340147407699226
-0.07584612933177666,0.09999999051118963,0.04873897209478975,-0.027263457318448817
-0.034381807094931785,0.0999999905520065,0.06448853013271395,1.7290204861688525e-05
0.008639726242627339,0.09999999061995343,0.0777831487570332,0.027346958234922655
0.04924603089379121,0.09999999026455131,0.08855754175471897,0.05397097196001025
0.0849896598167656,0.0999999903285255,0.09716207923034906,0.07954492622376277
0.11360233635493869,0.09999999119437905,0.10090542475277316,0.103368784433479
0.13242960289005365,0.09999999060510624,0.10242914419016455,0.12489308178830974
0.14037725518300828,0.09999999247656688,0.10374624364286232,0.14372214473675501
0.13983700333656066,0.09999999401041547,0.10478487479380305,0.15962880951904077
0.134322177258305,0.09999999273656926,-0.09096176389788393,-0.5235987509198083
0.12474085790088246,0.09999999717218881,-0.08463577609208223,-0.48852344789994173
0.11629642861962736,0.10000078362464133,-0.07920671433418099,-0.4295240413774153
0.1126851198827287,0.12303241169510756,-0.07495866175590304,-0.3804404329193671
0.1130014411178262,0.13130197334084395,-0.07198938713657108,-0.34148516098488574
0.11378365049159234,0.13328299549650202,-0.07031620135126387,-0.31241682266078674
0.11084022749830234,0.12532252639273325,-0.048288959532891584,-0.29249558152742017
0.10031197241484342,0.11524336142581838,-0.010920682696771771,-0.2806519663669566
0.07501195963486992,0.10336558291314737,0.023640438569952123,-0.27560155432316047
0.03865321896302595,0.0999999932089887,0.03791013075592229,-0.27560808247808366
-0.002309313133341799,0.0999999916427147,0.026215581200917396,-0.2787079768895207
-0.04578461254001979,0.09999999103940407,0.0191671052462836,-0.0606413532920272
-0.08796420203477265,0.09999999073905556,0.014341846564239168,-0.08255450970051585
-0.13328226255512463,0.09999999057299924,0.008825321114790929,-0.09975798544946628
-0.1641513312529656,0.09999999046983143,0.004150828718613735,-0.1110693713601707
-0.1757344402362241,0.09999999014677009,-0.00018310697000372124,-0.11580150771009201
-0.16985401216482507,0.09999999013137045,-0.003704760085191492,-0.11371420664385766
-0.15991824631531226,0.09999999012120131,-0.006517281323918106,-0.10495785499169955
-0.1529439242920058,0.09999999031665312,-0.005362850460317961,-0.09026048268531692
-0.13436385529696676,0.09999999030698686,0.014430410159501392,-0.07126708420785142
-0.10761909739821197,0.09999999030515536,0.03359782735280568,-0.048611267406060185
-0.07599947381332209,0.09999999031126634,0.05137647372697198,-0.02343544543583798
-0.040693168099583475,0.09999999032550773,0.0671631674055525,0.0031408672623863478
-0.002620713164471931,0.09999999034825222,0.08053163916099208,0.030086106604998386
0.0349657602806881,0.09999999038129398,0.09164952544194961,0.056870433284756446
0.06928943234676847,0.09999999015512946,0.09861647839900749,0.08291574459209511
0.09721646399428907,0.09999999049336039,0.10034885437882744,0.10745754961261493
0.11728860212180439,0.09999999058985425,0.10197734024185134,0.1298006067016396
0.13139272231822843,0.09999999026640494,0.10339845929751901,0.1495161610573871
0.14242488287510296,0.09999999034461345,-0.09228404373970532,-0.4794487584704781
0.14586242616238063,0.09999999047144008,-0.08608715071656149,-0.41319578190115475
0.14438924534251288,0.09999999184765807,-0.08087624949853452,-0.35575227200590986
0.13956582416621555,0.09999999266241266,-0.07682120718129327,-0.30809322464287625
0.13334870241412577,0.09999999383626022,-0.06861546883442116,-0.2703656756496879
0.12616654443925043,0.09999999530330662,-0.04353180855814432,-0.2423671917416387
0.11636485892610866,0.09999999634103979,-0.01674278379976364,-0.22347740704973942
0.10053408257530327,0.09999999193853408,0.010584499683170386,-0.2125662554877379
0.07687988916713212,0.09999999123894633,0.03364703240994753,-0.2081714000941079
0.04607596220080197,0.09999999076237771,0.03385722636700451,-0.20855978182207305
0.010295986040388727,0.09999999138173692,0.019921134220351484,-0.2118443903878649
-0.027719775500754107,0.09999999098461727,0.018609405017380492,-0.0034617672946119834
-0.06468154379738421,0.09999999074628556,0.01195864805857942,-0.02328746289761095
-0.09880070028968392,0.0999999902180169,0.007472689726467604,-0.038631899795930215
-0.1256860636664278,0.09999999050642135,0.0024481159080571085,-0.04831628385988804
-0.14312890528098618,0.09999999044425796,-0.0015658933341252883,-0.05164679046688294
-0.14959503198781046,0.09999999040389619,-0.0051549290336251035,-0.04849827898893375
-0.14430282706581074,0.0999999903787783,0.010574692099045687,-0.03997341645674467
-0.12796198662958533,0.09999999036522726,0.028454260587745528,-0.026387624259099143
-0.10331769498085001,0.0999999901313701,0.04635853314378905,-0.008575548520903729
-0.07119997347852362,0.09999999036807791,0.06347014736172822,0.012478951847893532
-0.03600139993320077,0.09999999038433177,0.07910961770739929,0.03577113501419748
-0.00021482675969751813,0.09999999014978353,0.09259750638428271,0.06091616051469646
0.034345094105968414,0.09999999045724653,0.0938053791443064,0.08741433626944325
0.06589296748834958,0.0999999905240727,0.0952726758016108,0.11399477665875095
0.09304717942295193,0.09999999062584916,0.0968625827696128,0.13989508141885088
0.11624276043885132,0.09999999028431117,0.09844651045257259,0.16439799199237
0.13475034249732357,0.09999999103947828,0.09991076131617178,0.18689080462673816
0.1471136890865847,0.09999999146263785,0.10116105050508392,0.20692571513811894
0.15049669274403268,0.09999999077649328,0.10212527548535907,0.224187118953075
0.14514616385613752,0.09999999119805685,0.10275514666997417,0.23848989759356473
0.13460756717611144,0.09999999557140332,0.0035877832990982702,-0.0652595423294724
0.12083298518446675,0.09999999395392395,0.005555549053765305,-0.041968480971890675
0.10669162263634042,0.1000000008479868,0.004923514283910385,-0.0237649912757495
0.09461314796437205,0.10025099316752245,0.002283190740531345,-0.010649725449148545
0.08542833130613595,0.11596692280014674,-0.0017374449947091374,-0.0023482446226856754
0.07871146336207799,0.12111082696941668,-0.006513101480655604,0.0016408469355311077
0.07355363889133164,0.12077485140924316,-0.011455442551582385,0.001990995361460486
0.0690377046519637,0.11623512057994102,-0.01604176023774158,-0.0005100689993011697
0.0643842493676004,0.1121376894715004,-0.01983637681649977,-0.005017563833535274
0.05907444958040694,0.10844681512814444,-0.022505426961370645,-0.010683291175916836
0.05284264711613883,0.1051233325875602,-0.023823872084456396,-0.01670330060683583
0.04565930884575796,0.10214502691958058,0.030484357582250925,0.10579665035191643
0.03718625747825151,0.10000038550452965,0.02730851415089518,0.08981060258241888
0.028031198551261443,0.10000003027936795,0.02640658881001833,0.07637476288209653
0.01965702505314401,0.10000004207152335,0.027527688965993908,0.06601915181825738
0.013465088657485065,0.10000002490129623,0.030329820103560976,0.059027240989064526
0.010128938031637407,0.10000001782208451,0.03440543236311644,0.055439906443642974
0.009803010799168376,0.10000001504836756,0.03931137286503019,0.055081041763246734
0.012194830884771168,0.10000001510282956,0.044598125722024,0.05759396399172364
0.016672131909886735,0.10000001824142613,0.049835868330541114,0.06248298941854535
0.022361942611444956,0.10000000304861885,0.05463593068289628,0.06915634952788223
0.028306087966018762,0.10000000829933696,0.05866670593608874,0.07696772951720876
0.0337217749629667,0.1000000245129714,0.061664434149738996,0.08525464722104684
0.03776253293431282,0.10000028234485561,0.06343849927564928,0.09337281511189334
0.03989632801053816,0.10220046102917119,0.06387277048349796,0.10072603962352308
0.03974629910395617,0.10592604923771735,0.06292285075554493,0.10679167650420635
0.03726138804066066,0.10740987082143598,0.06061124631170129,0.11114156715490722
0.032710892775554515,0.10641865575820454,0.05702053430208358,0.11345862914498075
0.026648788805071395,0.10498292720814287,0.052284678908263015,0.11354691928825968
0.01985451440817986,0.10331905819514954,0.04657921449039249,0.11133552603163532
0.013233698394545771,0.10166557483837023,0.040110723798393685,0.10687619024557535
0.007682401295677587,0.10025710740085829,0.03310534564119857,0.10033319860887012
0.003953186604261442,0.1000010431904453,0.013291180508022235,0.06237637415494171
0.0025420990323442626,0.10000230086142725,0.005720938004356949,0.052062669395647306
0.0036093150190731685,0.10000021941128809,-0.00155192387108219,0.041235272906806515
0.007004873510289036,0.10000948347043251,-0.008380054060458213,0.030125175511376456
0.012310855025398686,0.10174786503862554,-0.01463867720907456,0.018974345871224523
0.018939821099581065,0.10456115130758337,-0.020229544313634405,0.00802316752642752
0.026235017980259005,0.10707759549379309,-0.02508301488700047,-0.002500965973789254
0.03355717275326205,0.10947106019819551,-0.029158676363834953,-0.01239336830039322
0.040361651292632666,0.11173241758557094,-0.03244435377369397,-0.02147975781021455
0.04624549725480323,0.1137864026710248,-0.03495392006211918,-0.02962172749879898
0.050963386629346054,0.11554624663681703,-0.03672406735298244,-0.03671993419589765
0.054418701226408926,0.11686571397489966,-0.0327588508770956,-0.030762326142105407
0.05662146821306328,0.11770388416966489,-0.03407092858610903,-0.0376158723720197
0.05770929042420302,0.11825734488942764,-0.03479354601316198,-0.04332220464643449
0.05787247714787777,0.11837950467272669,-0.03502072510411689,-0.0479047152491428
0.057301063055135236,0.11811875320535119,-0.03484944661272755,-0.05142284432105727
0.05617510080667784,0.11754133587600298,-0.034374775784482524,-0.05396555561263424
0.05466125955177678,0.11672236117356366,-0.03368568084158059,-0.055644062965864084
0.052910226535200465,0.1157392087485378,-0.032861678368002877,-0.05658426835811445
0.051053443482533455,0.11466598193208881,-0.03197036275545678,-0.05691928135030215
0.0492000319051077,0.11356927794402538,-0.031065822149386996,-0.05678236105354282
0.04743450301683583,0.11250433488754352,-0.03018797146906796,-0.05630058618634084
0.04581514612830089,0.11151410762773444,-0.029362598760957627,-0.05558950879085891
0.04437422156157439,0.11062804573734375,-0.028602220277549783,-0.054748974845616714
0.043120332297791705,0.10986275409767705,-0.027907481710291934,-0.05386021587852962
0.04204228553175038,0.10922363543555538,-0.027269023109745768,-0.05298423692824783
0.04111403605434131,0.10870695960217573,-0.026669649699932473,-0.05216145244193775
0.04030030492625431,0.10828854529182444,-0.026086673393755214,-0.05141245959867056
0.039561612626433144,0.1079659704878127,-0.025494208150923254,-0.05073979460011787
0.03885966161535563,0.10771576510405526,-0.024865489742554304,-0.050130474335308435
0.03816137318843897,0.10751723720771898,-0.024174857140638818,-0.049559118886256824
0.03744207577504749,0.10735134600408984,-0.023399510604475288,-0.04899143365055673
0.036687569497203094,0.10720293485377556,-0.022520913173108077,-0.04838783803803775
0.035895047185382264,0.10706207071917395,-0.007864297625535253,-0.0153813360329628
0.035034565485237916,0.10692667085354332,-0.006740893739763303,-0.014558773218373046
0.03412037947617315,0.10680231940271702,-0.005396693778238847,-0.013600916406579469
0.03322287134689222,0.10670021447450531,-0.0038514354245347215,-0.012430809958922788
0.032421609552870836,0.10663453057990953,-0.0021389592305428146,-0.010997788121886946
0.031787004771076925,0.10661825974556553,-0.0003039996127661103,-0.00927790046985285
0.03137165435299403,0.10666230479054868,0.0016012950465056576,-0.007272733704679867
0.03120602392713425,0.10676295276038511,0.003520899301780466,-0.005006905351949097
0.03129651313910587,0.1069218310020425,0.00539830873375855,-0.0025245222050568235
0.031626359227187255,0.10713165550028163,0.007179631610946185,0.0001150875677164489
0.032158597054984465,0.10738095823915929,0.0014228089352509115,-0.014652182155164204
0.0328329165745508,0.10765582798833981,0.0035963405095322818,-0.010210711112752083
0.03359372812617358,0.10794034073709015,0.00547441585189679,-0.005884239992128001
0.034388519749529924,0.1082177862427642,0.007042498693821122,-0.001785729159029981
0.03516161309881019,0.10847255182141483,0.008300484707426009,0.0019924399854860863
0.035859250273055594,0.10869191785977736,0.009261198222621916,0.005381334959561814
0.03643710835731205,0.10886745273670216,0.009948190836564508,0.008336277847519743
0.036866009363586805,0.10899513163880258,0.010393195330855006,0.010836168636849537
0.0371343917948827,0.10907360710985287,0.010633456736578525,0.012881649989431544
0.037247576839928395,0.10910261187935792,0.01070911038167042,0.0144923802927376
0.03722458701558726,0.10908388958353465,0.010660743996932391,0.015703672498833348
0.03709359483425296,0.10902234729057288,0.010527251313203475,0.016562750686402533
0.03688703582285991,0.10892629366263702,0.010344054857509206,0.01712486338516807
0.036637206599233946,0.1088060123401548,0.010141746226237203,0.01744947099363908
0.03637288302110073,0.10866962436873115,0.009945164127616875,0.017596695319703398
0.03611699310355141,0.10853229056340069,0.009772905063793675,0.017624184309641525
0.03588577831246965,0.10840026299479108,0.009637239562462253,0.017584506518796214
0.035688677889253714,0.10828031667903394,0.009544389015221606,0.017523149960057514
0.035529081632063066,0.10817693115852627,0.009495104851604954,0.01747716077102209
0.03540549817500432,0.108092212077345,0.009485483158500537,0.017474420649565708
0.03531290624926162,0.10802608534491696,0.009507943901637428,0.017533529944588688
0.03524401872836042,0.10798281943239664,0.009552304369888721,0.01766423703930021
0.03519076820159825,0.10794742252537304,0.012448724306665703,0.02459266674298936
0.03514731979963309,0.10792220553289679,0.011698660571547297,0.02296879407692926
0.03510591263872292,0.10790339718437648,0.010986629764793924,0.02147372195606986
0.03505755229985162,0.10788751313410698,0.010291355877503322,0.020099383085131515
0.03499512845223912,0.10787165468739074,0.009592775292610005,0.018828840180643257
0.034914166818431874,0.1078537335917178,0.008873404510770976,0.01763896008055796
0.03481307520021216,0.10783260849534455,0.008119387036933514,0.01650309786536915
0.03469322602132418,0.10780813413959983,0.0073211995791119325,0.015393634478932777
0.03455884869044208,0.10778112305611512,0.0064740175507716395,0.014284243818869852
0.034416665874542625,0.1077532188730291,0.0055777580023320126,0.013151795885084668
0.0342752555259782,0.10772668413033828,0.004636833402376171,0.011977833313812782
0.03414418112496582,0.10770411530480267,0.004967488509505867,0.013844151363743779
0.03403411387344347,0.10768802421413899,0.003997026509653001,0.012630327505240187
0.033953576538308224,0.1076805198067605,0.003000946328981729,0.01129589373957414
0.0339077376802605,0.10768307878956918,0.001995498706372397,0.00985508100322126
0.03389903668370704,0.10769637350982553,0.0009968773961008379,0.008326586091135797
0.033927200778249615,0.10772021725221435,2.04866040968024e-05,0.006732328622733854
0.033989365509146004,0.10775361236813312,-0.0009196515706668425,0.005096231020697905
0.034080432307342305,0.10779488875882075,-0.0018113568068376532,0.0034430274373615484
0.03419363305362939,0.10784186694400694,-0.0026446149407592383,0.0017971443946871314
0.03432122068250501,0.10789207178745357,-0.003411767422079003,0.00018169880109106425
0.03445519372268871,0.10794296386739405,-0.004107571983551992,-0.001382349142008406
0.03458796958088564,0.10799212060582347,-0.004729146450594158,-0.0028768623419793498
0.03471293796631057,0.10803739499234129,-0.005275812392541019,-0.0042869991917337796
0.03482485048478274,0.10807703060072643,-0.005748858724406953,-0.0056014905134523065
0.034920028265415445,0.10810973238872497,-0.006151247317621211,-0.006812730308446806
0.034996393394579335,0.10813471044109826,-0.006487283226280002,-0.007916698475335195
0.03505335018628378,0.10815163206031622,-0.006762271429923146,-0.008912740614298016
0.03509155280951896,0.10816061053119737,-0.0069821802450494,-0.00980323494391562
0.03511260403084549,0.1081621433928097,-0.007153329016075224,-0.010593179279343072
0.035118728049585546,0.10815702712616684,-0.007282114633630478,-0.011289732133491728
0.03511245497939268,0.10814626441942317,-0.007374788122401449,-0.011901741584200997
0.03509634591502274,0.1081309680094487,-0.007437289267825731,-0.012439293965514278
0.035072777265226215,0.10811226966397827,-0.007359972355423906,-0.012640793884298434
0.03504372633371527,0.10809124668624512,-0.007052363487028873,-0.012291466854736552
0.03501066344296094,0.10806887241577454,-0.006730278595834469,-0.011904513631673878
0.03497472928196094,0.1080459815211859,-0.006393522730512103,-0.011486240378895701
0.03493679166636315,0.10802325485422054,-0.006041641115013558,-0.011040914115209624
0.034897444095000806,0.10800122442541778,-0.005674195842254415,-0.010571127265163148
0.03485707735424347,0.10798029264986095,-0.005291002086436731,-0.010078207003899472
0.0348160021983188,0.10796075973783426,-0.004892314854803096,-0.009562639455816872
0.03477457612199113,0.10794285285160089,-0.004478960998499768,-0.009024482156869261
0.034733297622379776,0.10792675156160118,-0.004052414812150818,-0.00846374215868726
0.03469284898352455,0.10791260568096275,-0.004987081658121584,-0.011127731474521596
0.034654738846432345,0.10790049507840162,-0.0045328107317930385,-0.010504750146130623
0.03461989480140156,0.10789044442776727,-0.004077441007041558,-0.009846404404612569
0.03458863031172774,0.10788244357912935,-0.0036236939529426405,-0.00916106989561995
0.03456122388763684,0.10787644450697684,-0.003173749903549097,-0.008456233822457724
0.03453791946881512,0.10787236516813092,-0.0027292819577777474,-0.007738318892499571
0.0345188580216758,0.10787009430802386,-0.0022915406982937235,-0.0070126649122981164
0.034504046902387425,0.10786949725342848,-0.0018614538423823563,-0.006283587600083827
0.03449337048547076,0.10787042246419148,-0.0014397258322483971,-0.005554482743778574
0.03448662393347241,0.10787270821412588,-0.0010269294220533868,-0.00482795816268643
0.03448355226891092,0.10787618858768298,-0.0006235842988259899,-0.004105980438230857
0.03448388261314179,0.10788069808348713,-0.0002302195607934828,-0.003390025314499715
0.034487343628695766,0.1078860744133307,0.00015258171855176805,-0.0026812221307430236
0.034493671221976795,0.1078921594658159,0.0005241563904861406,-0.0019804841803230068
0.03450260296330566,0.10789879867838517,0.0008837530833302867,-0.0012886185697397812
0.0345138654847746,0.10790583945700806,0.001230540614777523,-0.0006064109132403759
0.03452715959436224,0.10791312925203606,0.0015636308986854074,6.531805852443257e-05
0.03454214735373633,0.10792051397787991,0.0018821138326584558,0.0007256852790532881
0.03455844428414945,0.10792783731592404,0.0021851014388811845,0.0013737474235856432
0.03457561851752085,0.10793494132956385,0.002471778551705018,0.0020085311067040614
0.03459319736367706,0.10794166846061846,0.00274145759677562,0.0026290893268123804
0.034610680597481756,0.1079478648882057,0.0029936354825576047,0.0032345820512389824
0.03462755889115415,0.10795338546149749,0.005575428990383396,0.00937871249979202
0.03464388507258445,0.10795805386850367,0.005446554179246735,0.009137290952703379
0.03465863027888229,0.10796172879810853,0.005325704201241891,0.008897842230370753
0.034670901269749435,0.10796430687605806,0.005207750747292974,0.008667698507513385
0.034680473931608814,0.10796570864655439,0.005086627360680571,0.008449786783257376
0.034687400836277436,0.10796587147154298,0.004955939318875883,0.00824322261924528
0.034691653571839016,0.10796474813612024,0.004809518754407245,0.008044052751993715
0.03469298609471191,0.10796231303859792,0.00464190126853846,0.007846081579339373
0.03469098550013631,0.10795857540840861,0.004448706686741151,0.007641724251803234
0.034685226954392065,0.10795359618870858,0.00422691357048193,0.007422835615013614
0.03467545370124492,0.10794750376223472,0.003975023948088001,0.007181471736943027
0.0346617240053491,0.10794050374106397,0.003735602738825619,0.007011069051668643
0.034644513917555825,0.10793287754460747,0.0035162552835158374,0.006920136301834304
0.034624714097875514,0.10792496890372244,0.003260007457119052,0.0067620636999093636
0.034603500304878056,0.1079171621866232,0.0029718392258967843,0.0065353178719950765
0.03458219550255204,0.10790985396414127,0.0026576169674766667,0.006241072842895837
0.034562142590766454,0.1079034205094252,0.0023237711406421447,0.005883000702893969
0.03454457261051566,0.10789818574215734,0.001976974711863287,0.005466943614097652
0.03453048435430368,0.10789439375847319,0.001623840899297473,0.005000502053614492
0.03452055403672279,0.1078921893673357,0.0012706542366316851,0.004492571198796225
0.03451508735124105,0.10789160881563391,0.0009231451676085356,0.003952855460791352
0.03451401771569022,0.10789258136710375,0.0005863147798031791,0.0033913886247046846
0.0345169466690563,0.10789494090420108,0.00026431283444289916,0.0028180835486186777
0.03452321657465189,0.1078984455097012,-3.963094957600846e-05,0.0022423310468412568
0.034532002542038705,0.1079028022181594,-0.00032322522396725756,0.0016726627086031142
0.03454240978114765,0.10790769385295285,-0.0005850901688021815,0.0011164872861131121
0.03455356403648805,0.10791280503172393,-0.0008246925072784822,0.0005799052159373591
0.034564685672787435,0.10791784492287605,-0.0010422506453113259,6.760107030735642e-05
0.03457514166711464,0.10792256503295536,-0.0012386188795678037,-0.00041719052357807907
0.03458447352305266,0.10792677101022827,-0.0014151597669703395,-0.0008726535588896829
0.03459240240857711,0.10793032834701762,-0.0015736134373439653,-0.0012983048368724582
0.034598815281656405,0.10793316228660514,-0.0017159719473653513,-0.001694866670015031
0.03460373723969304,0.1079352528942825,-0.0018443658248941163,-0.0020641124587501406
0.03460729584041804,0.10793662640565965,-0.0027228542353469215,-0.0042114631223418315
0.03460977329148872,0.10793733698095175,-0.0026918671401910564,-0.004209166054451028
0.034611248312321916,0.10793746836057139,-0.0026587594151130847,-0.004188728251357805
0.0346118576547808,0.10793712088736375,-0.002622992785621139,-0.0041557406395252095
0.03461186081036266,0.10793639604432138,-0.002583373914189332,-0.004114096172385765
0.03461151900534554,0.10793538457361446,-0.002538274448830367,-0.004066079980851308
0.03461099679992661,0.10793415856028304,-0.002485849583155597,-0.004012542803204357
0.03461032483418053,0.10793276838326266,-0.0024242433017684483,-0.0039531357549488
0.034609414120187885,0.10793124443590012,-0.0023517703785660925,-0.003886585353887427
0.034608101268223265,0.10792960256178508,-0.0022670675277275316,-0.0038109884571014313
0.03460620491420132,0.10792785158727328,-0.002169208619775332,-0.003724108172662951
0.03460357828327059,0.10792600117337205,-0.002254479106088882,-0.004089077449965806
0.03460019881847802,0.1079240647274476,-0.0021645639433748405,-0.0040558373048944244
0.03459608407296117,0.10792206500815137,-0.0020594305928994566,-0.0039958993691302435
0.034591302447868816,0.10792003771544484,-0.0019403018713979709,-0.003908745745780747
0.034586010266980896,0.10791803052160974,-0.0018087160884626907,-0.0037945085457103027
0.034580434860739966,0.10791610022491761,-0.0016664543771972985,-0.0036539552858492683
0.03457484174246115,0.10791430814035405,-0.0015154659171040578,-0.0034884514584708113
0.0345695003054561,0.107912714587546,-0.0013577923963069124,-0.0032998978365223947
0.03456465438828397,0.10791137335824325,-0.0011954947629477127,-0.003090646190763417
0.03456050059861276,0.1079103269245673,-0.0010305853950937326,-0.002863399175003764
0.03455717534299953,0.10790960293733867,-0.0008649683418397935,-0.002621100730729194
0.034554750226740316,0.10790921231725281,-0.0007003896098638465,-0.0023668232663355674
0.03455323463244212,0.10790914900126906,-0.000538398727772041,-0.002103657358210115
0.034552583779481096,0.10790939120164651,-0.00038032208487833477,-0.0018346089315670862
0.034552710358159294,0.10790990388354915,-0.00022724785575417095,-0.001562507896477807
0.034553497868375395,0.10791064207674703,-8.002171797169533e-05,-0.0012899311142168166
0.034554814012931014,0.10791155460600824,6.0747931391045547e-05,-0.001019141418036789
0.03455652283694744,0.1079125878450908,0.00019467694321893765,-0.0007520432698355033
0.03455849470664676,0.10791368916000359,0.0003215865230782074,-0.0004901545473728417
0.03456061362904775,0.107914809786455,0.00044148059567969633,-0.0002345929596366928
0.0345627817855651,0.10791590697842421,0.0005545216146941038,1.3925302668521457e-05
0.034564921456764215,0.10791694538063394,0.0006610070043239251,0.000255077862055417
0.03456697473367571,0.1079178978386244,0.0016729154237515764,0.0026458609219187747
0.034568937074152005,0.10791874160519521,0.001661025857269307,0.0026215492507748123
0.0345706978591153,0.10791946691263254,0.0016523230650334387,0.002594236613575165
0.034572222603299355,0.10792007251750872,0.0016453979078993467,0.002567599994538475
0.03457357564149877,0.10792056107562222,0.0016383314681995226,0.002543720475008991
0.034574843838871334,0.10792093477187292,0.0016289083954105022,0.0025232176851079347
0.03457607419138098,0.10792119222429135,0.00161482215162921,0.002505453733464882
0.03457724703764073,0.10792132733530083,0.001593862016828633,0.0024887847497932314
0.03457828003233023,0.10792133029837052,0.0015640736454234255,0.0024708399108293697
0.0345790515156853,0.10792119033088554,0.0015238872534071868,0.002448809164082156
0.0345794319645661,0.10792089937272538,0.0013740936724177051,0.002187561383007625
0.034579295790942946,0.10792045720312966,0.0013529240487569086,0.0022491476969508126
0.034578595435293735,0.10791987313971187,0.00131521977891375,0.0022894609458542284
0.03457735594937532,0.10791916647428156,0.001261826783118961,0.0023058361423696325
0.03457564797757399,0.10791836661592495,0.0011941155376655236,0.002296623748938387
0.03457358171168338,0.10791751139374621,0.001113882035840852,0.0022612191460481303
0.03457129868946184,0.10791664416331644,0.0010232329846201838,0.002200023311944795
0.034568957845991954,0.1079158101048005,0.0009244660035561903,0.002114351785075252
0.0345667181313223,0.1079150522183936,0.0008199524999552899,0.0020063045266998465
0.03456472123739848,0.10791440754961489,0.000712029230348676,0.0018786083608864266
0.034563077497982306,0.10791390411915802,0.0006029032109910911,0.0017344433177627619
0.03456185693155378,0.10791355890302465,0.0004945733340557616,0.0015772636231158456
0.0345610861791441,0.10791337703881582,0.0003887707527110155,0.0014106230886942878
0.03456075101007826,0.10791335225641283,0.0002869188563189051,0.001238013291062302
0.03456080327175793,0.1079134683752987,0.0001901125178636425,0.0010627212762002538
0.03456117070354076,0.10791370159663337,9.911530471520836e-05,0.0008877117039073759
0.034561767910558705,0.1079140232560106,1.437253465144216e-05,0.0007155364624028757
0.03456250694536183,0.10791440269287446,-6.396254813010358e-05,0.0005482729420493145
0.034563306288214767,0.10791480992707969,-0.00013599260121650264,0.00038749044483983244
0.03456409745817181,0.10791521789974116,-0.00020203333751507848,0.00023424269190559473
0.03456482894013075,0.10791560411982914,-0.00026256733828814864,8.908312080386347e-05
0.03456546751047665,0.10791595164937648,-0.00031819771692845095,-4.7901339137258404e-05
0.034565997342139804,0.10791624950390107,-0.0007162676075912196,-0.0009973124825212807
0.03456642257681592,0.10791649164896149,-0.0007253765841887013,-0.0010278781340296958
0.034566732558458865,0.10791667868873757,-0.0007340367131742716,-0.0010515924432223818
0.03456694194002675,0.10791681577858728,-0.0007421559938230032,-0.001070624538706472
0.03456709157796009,0.1079169107580972,-0.0007493597510260865,-0.001086563761157562
0.03456722797431319,0.10791697205585657,-0.0007550638251781791,-0.0011004219267158994
0.034567386050602625,0.10791700691709852,-0.000758551407182712,-0.0011126699800313928
0.03456758038924381,0.10791702032866943,-0.0007590489180308521,-0.001123301935910419
0.034567804174318865,0.10791701456697401,-0.0007557968325831915,-0.0011319190357477456
0.03456803346344025,0.10791698943216341,-0.0007481120606787603,-0.0011378269684029418
0.03456823428641677,0.1079169429893399,-0.0007354393281125035,-0.001140139177626136
